eth1 address,transactions num
0x02cee8dd7581946bef23102e69869f8da96ee502,1924
0x22a4761d4500ce4f09a6cb34584f43e112c9b5bc,210
0x806710b651599de9838eb8b2083fec33faaaea5d,199
0x5a0036bcab4501e70f086c634e2958a8beae3a11,61
0xfa577b917ee06907fa2606040c9a0fd1bfd8b234,53
0xa40dfee99e1c85dc97fdc594b16a460717838703,41
0xcf95237ce34d4b5bf1e7de4474ee1dcc01f24ca9,41
0xe018e10f0befe34d3a5029f02562998be0a56986,20
0x88715a773a4dc319c27ded39fac1a84f84138165,18
0xaae0c18c3d7121c6accea5b8824b5813f30ecd27,16
0x4aba6e8b3bbe30e19bf61415f481d04f7204af66,16
0xf05dae7c0643870e7ed7f969a69b502691e47e49,12
0xc49e4d304c35c780373a6f80551efff7cab403f0,8
0xa74182cb3b3fa0867d94971918b2748017c85ff1,7
0xb5e3812d56d9b59d08c7139df86eea502f502a5c,6
0xe4f077bf767a57ae9aad77b0ab54cbde0bede65a,6
0x919cf1892cdd97c068e0dfc9ca44f84b543a00f2,3
0x0fd297255ec21fbb88dee67cb8bbc372a593c539,3
0xf30fbf7a57812a698832f4f900690fe7e92e151e,3
0x4d6115db0e989ed82313519214b4b1e33d0be8a7,2
0xc34d7c52de9c791d46381d4983b7ff925229e051,2
0x7236000d64a41f5cb7ada1b0d7882882d8471cc6,2
0xf8c079deeceaa6c67b3592d70c4a2b4956477d72,2
0x681645f7de8fc17692134d0758f0a56afaa811c7,2
0x7e5489a57e5f58adf4b6d6e0cb4a6fd2450554aa,2
0x2b51192943884a782a728f00268fd8af54b86916,2
0x16dcc03564454fd0773a20cb735366e59a67596d,2
0xc73f2ba2e228f309494b0f8ddf9cba1949ea85e1,2
0x00bb8f3292e5d14caf21ee088a114c9e189c16f3,2
0x80ef0c70ab5a1bfa2177d34213df3b8b3f527614,2
0xf7b2c22fb2fe47cdbc1bffbd9eecd69beca136cb,2
0xa708555cb5da2d66c70e6cd46a85f83337e0fa3b,2
0xd6ee82c1f7786914632bf1bdcde1a13f858281f1,2
0x50c2d3b7d6002da649e82cef6121c08f0d10eb50,2
0x43fe0dec1dab7faa70fa8ddec3faa1cd0af12a8e,2
0xa8f14e292ff0568e73c2afb0c38c9f2b31c94a45,2
0xf5b46b4c91d7214544c529d2cf701751a998751d,2
0xa71adfc3c9aa8b0821c65649fa6ca334d999bc8c,2
0x920e6d1e9d6ac0b60f93cd3da67c2660516e37d9,2
0x86faede0081c055ff353ccaf1e9af0b12f396e3b,2
0x54cf79f44d8261ffd31a1f25b13cbc4c76c367ed,2
0x6c13f08bbdd1134b114a0652ccb864ea4e0b732d,2
0x9772c9759d33064ae53ef5b4686d9bea2ea2b8bd,2
0x4898f92de9d897965094f960dc4c403800d0e478,2
0xd5aac33237aa5fd2b74f117355a5ad73b59f15c5,2
0xffa131668cf5a8de67e761e27d7ed711fc5babb4,2
0x38b9f712510b0bfb50c9aa0c160ba54366a3c3c8,2
0x7cb4bef6727132fac47ca8c663964d6341d70778,2
0x0e40f1b8b6bc1dbd11f3a9c74b5331305b37eb44,2
0x3432d80efc4874133b16c42cf187bc51b9481a24,2
0x3331f9ebc9d5f6ff470fcb030633056021b051b0,2
0x49ba72fdcb5ca89e76cc026635dc4b96492775d1,2
0x6839eb0aa75c237d8b5fd0466092363825681f96,2
0xce48aeb0b62c40cad555b7880c46d90632033807,2
0x5f055f332c4a5ba920d934ff69cd1bf747ece5b9,2
0x1eb511ca327e09438d9f6f717ba6e224aa364b93,2
0xa6bfa7a5087b553d9f89c3d4cd4a1bfda6592988,2
0xeced32a2472371784adb580ad56dff0e7e8ba1c0,2
0x17dd8f8319e0156b57326bff6a194426f1568abb,1
0x900a1c5cf86f86b80af3d649af8a16dec83fb558,1
0x13e49d6f4e21d39382a44da2d6117bd7d7e7e935,1
0x5696bfec6ff96edc157f5f0cfbb2a9018ba022e7,1
0x34236803ac941f50c7ba210ebd9cf4e98716ca8b,1
0x3b6a12aed893088ec516767a524a8d76613579b4,1
0x598afab8f634229db0577a2be2bd484abfc5a9b3,1
0xd1121512b11c2f1a2ec23a23e9aa625e8c010c07,1
0x70b5c07164f4716f97d3af67debedafb6e717487,1
0xa16baf1674d86ea21f25c7e2ecf727f5cbd88ef7,1
0x017299b635b5bdf3b3756fa864793e6ad8c31bcb,1
0xf5325d0b10749e3961294ce4a9f61c2c11ae6dd9,1
0xfd04325fb4085b6acb6e35271bd6c6544fc7b2de,1
0xd6f78e27a20dd6f6e3d376f4b33a02a203f34f9e,1
0x964c3e296c032c1a1d76057c566d93fed95c4832,1
0x9ab8463825886fbdddad73d8fa933e8215cffba5,1
0x66912b1841f5f7111faf6eaf7d12217b1016272a,1
0xfa228c557b4f60aa8717bdc71c65a460879b294c,1
0xfad2ab36f60c7f428db02813ef8aff6355e57ed3,1
0x3c2885320ae3af32a9fc7c94e614e711261456c3,1
0x7d122d42b36cb66d4dfa124a6c22d1c2ea3aaa97,1
0xb50d58891c4f2f4d3b1042c8efef011a6cc732f5,1
0x8f49d904edca861108bc325a0f8937d72c918f7e,1
0x9f0ddfb81fed39e37a5b78458eb9fae53476b964,1
0x614840f305987e74c1e22d67fa0d866c0e3711a7,1
0x39297b8215613f947921ccec1c14d845f95817e8,1
0x5bf9e5d19759f15b11e4ad930104d3384ecd38c6,1
0x5c8260a0583b46ddbffbce9f1ab11a8700acf961,1
0x5aca98fe964dd330bb9665d8cfd118e17a5f38ca,1
0x7c044e6fecfec3232ea6271d1dfae0f430fe59b3,1
0x743cbb8fe0350d777d5d00c6a1e76be529a15520,1
0xff8774eda086a5c8fbb83ccfff31e2b185f563f9,1
0x4df80f1369542d014f1133afd80fbc6e45671d08,1
0x3d5dc51f4985f81686a7ac559d916753484ee32c,1
0xdf469770786f23804c60ace54b7cd4b350120682,1
0x933b0a2952420fcd3e592e320e35ae95cc3f4717,1
0x0320a3ad92c7c1f99e14456c9fe7a459fb947729,1
0xc41b06252deac351ed218fa50f88edf2f4566ba1,1
0x700ef5b657c60b4a9e69cba5717734d7a9c412b5,1
0x5df794aa8488e68389a2eb8e63ab27f4d65622b8,1
0x4bfe4ba317082c253c067aee3929ad10f442370b,1
0xe4686265cc3a9150ec0e4b1368e401f275acc1ad,1
0xd7bfa81b5b56dd46b8ab28b20e174984681fa106,1
0x0e647cc738f14ae6c16ee826ee425cede3cb327f,1
0xcfe43ca3540ebd410e9379ccd5f3e32bab91c7b1,1
0xe32a91d0c563f4344b0cf95c934d57924045cfba,1
0xf6e380b6863a2f0a882833473f137f36570033ea,1
0x416fe0faa4d263ecda4a0cdd44e48de42d6a51d1,1
0x53121853ab515a9d0e5656b667db8e61be955046,1
0x74ce79ff9bca4779edb17b6537d4d2684e688ce2,1
0x2c6d48f81bea025322ecb4266cbf8ecfd931f270,1
0x607b917221572a4c7b2cf9e02d11f120de00a705,1
0x0a8edc9da2628c7026bca72a844681e5bf43366c,1
0x18aa6350cfa607508aafd21d86ea8837a17f27b9,1
0xac777027524ea56e49dd5ff11355f6950ccc6752,1
0x6ef151b51510b96a9ecb575892709a00895cc309,1
0x403fe85ee953327f3582c48fa1b249ffef0da084,1
0x566b1a98557af14d699776ad2179fd85dc126db0,1
0x48acd435d5200917e7ee825c640b38af1a23a619,1
0xaf1d37c5e9da060a7adee52aee8d28c859497c4a,1
0x6773b77dd6cdc80787697486408eef4dd4154f52,1
0x6670efb478bf673a2322d23cddcde79b9118307e,1
0xe20bcce999ab9e1e372f2a94f88280eb660843f1,1
0x25961cb144bcfa589c1a949381aaba370fde5f1a,1
0xfe26855c63aae17e57229932b6fb54510d1d1811,1
0x9cae80d4187795968ad43aa909fc812944cfe7ed,1
0xee832b05fa293f497ce9070e3f1ac26c44f86b29,1
0x2dc464b81e9c5d607e11b4b7529442db5f806e5f,1
0x036ea8e17701bbb41fd0b9bfb36bce98d0baefda,1
0x4e56702b75b4d02cfb9da64eabac801af86cbbc0,1
0xf0e8fdaf53d386e270a6cd83714928c0b5d4ab71,1
0x5e8089be9ae82fda2b17a6c5b16ac03d2f57e840,1
0x74208473943b8c0f94e25554db971829c6ca0305,1
0xcb2a66540680c344bab5f818d68c3e4b9d57363b,1
0x927fde0459ff6a5fc31a62edb8c505c585f61222,1
0xe6a604abd763a3347e73fdc71bc2ba27e90b53bb,1
0xb1128b5b2f7f4a12b870a82460ed1fe3a888e321,1
0xf49edd2bf38dd673055a2a06825b11029d18f1b3,1
0xe726d0b5d17410afd028438c2c7d62aa2f449ed9,1
0xf7d648dfd730673e09bda57c3971fd7966d6b267,1
0x146f3719988a0c1b78efb97ec951b74a4d704ce4,1
0x5790b8045ccae7f2e0aa5e1e8a0ccc15cd547d2b,1
0x866d23cba2e87336510e4714286d5adc41d1b50c,1
0x64adb2056e7c93853388ef27eec6dfd220de408d,1
0x5d7ea0afcdc52f4638ea19c6648e15ad852619d6,1
0x11fe10346c85aef82711aef75f513ef0c88d2d7a,1
0xe9a2c88b9c2be41005ba3c510271a5c5bfd72702,1
0xcb937c51e0b740af2427cbbdb514df36aa50719c,1
0xd689f10acaee6bc300292c71fa21a0bb740d81b5,1
0x0cf496dcbc4dfca10f0f80e20d93b1787da6a0cf,1
0xa05e5ae826a876f949f4d3afee1c2853fae1fe7a,1
0x7c559a5297bccef1775a6e1e16d288ac0fd776ab,1
0x252360daf98936fd4192ed7b0591b5e682e75494,1
0xfc8787b0559a737b7cea2772c72b31435771c126,1
0x0c890842f965b038aa66bce8f4f2d318a75ed198,1
0xc3d041e5d329eb69d48facc67c0e9fc3f71ae126,1
0xfe6db9dfabbbd8f0895de5709f1835f76c99fb10,1
0x920a96666f902eae08850a3f7ec9726bdd7d1b05,1
0xe91899a3f4b196544e16fa57863233c96969538b,1
0x4dfb472c322302f43016588a497c287f0469e76e,1
0x0c04046e4b1832c300b960ccdcb8ea66d277072b,1
0x2fefa9d6f3024b492f709d1ea4fc29fdc704f679,1
0x1eac99e8fad5db494724b34c8befd19c2f03698e,1
0xc62886f2c3196ce94e4adc989b2d4944219e7a0b,1
0x47afe2fc5f46930e610d76369b5af3aea33f76f5,1
0xd8d421a737280603eb25a9a161c44ab5f34671e9,1
0x5377d21321f7fbcb98d23a583305c927db1e8bed,1
0xf11d9564396f198c0204a7b593258709f6a4110d,1
0xb8d4a55d5bc56c2105f7421a5b5911a5c976ea7b,1
0x7098411d7160c8e64f100e825f8e92bcb69035fa,1
0xa1a9094974d4d97e04b878005c365e03046011e7,1
0x5c33af5acc06394481db48fd7cf0243899c383dc,1
0x1ff3ce2938086f3ed2ab17b4a1184868ea83d65f,1
0x4dcfa2ca277c5b6f7f9cdd312e54330392655422,1
0x59a7dd32500df06d9cf771512e27b4502b2f72e9,1
0x3727fa69ad86e92125f72b39343c0b304ae5ebd9,1
0x25ec36dad2a6e5813713b2a054cabca31e5e21e7,1
0x72104210d848d341e3c430a1268330a760b98f60,1
0xa84a6f0a2dc1806de7e0d7dc30836811ac8cd2ca,1
0x7ed188ad68e97301ee5be611dbd09f859498c339,1
0x33733b4dbd79c0442b0939cd51a596831f775e4b,1
0x4e1dda92b9b887b4348dc38d9313741c81d9af20,1
0x5b0e946855f51d289a297189f285ec30e3e22f81,1
0xa62992755353415a6fab8afcd4052ab3d4634a28,1
0x958aab22c43ceaf0d199d6e62ecc8e62ebc00406,1
0xfdbb02b1ab2198f3f1efa2ed0897772e9c52e30f,1
0x6effaa8c50483fb0575206afc3f42029a088a5c3,1
0xdf4df8300e829be9e0f92b2747bcdd39c8a89faf,1
0x4ced3faaa7168625d7e592cc6f44eead2ad4eb2a,1
0xeacdd7292945e9a4fa0acbe67173631b9006470a,1
0xca2c7b2f67b77ec9ba5cbbec396bfd657b2d24e1,1
0x584bfbb5f4b3226299b714b84686be6376c08dc3,1
0x23825eb433302019b28b42cf25927d5588008e91,1
0xff43a5214006b2f50af339ba5a6056b668293003,1
0x91a081d9b84230e6a32751e8d24f0f7261b4da4f,1
0xaf77ecd5349e8a736b1aa651366845607824d1bc,1
0x1e0c79f6cca51d97a0746a91455ef365baa48c9d,1
0x929381a190c85783c37baed47dcad0e1d52737df,1
0x861319366f13bc8183b9205510269431f3d62417,1
0xf55b1332e2024499972c9dd76c2199dffc6e3363,1
0x1a680b84239ba79b0a45e3062489074a2b245489,1
0x2bb1e5211a1b336cd45ffabb00643075363bd3e6,1
0x2adeb0c9906816038bb477c747187636936893cc,1
0x8d10697b564137619b9928a569317a1f650dc13f,1
0xb24fb48d8529d86c43a5d457f4be2de0638696a1,1
0x861c5b515021d8621802c9bbf396a3e9082374e2,1
0xd73af300cba35b3e0076aec9fa56d88c75570fc1,1
0x9208162f01ace93e6c6d1d2017f34bd6a27e5bc5,1
0xb0ca67638040cc8147a7acbf0ce18c368b5b86a8,1
0x90c7c34b7b1a214c65c85bfd54ccff6fb65fa26a,1
0xe402dcc8e41448b3c1be6b4ab9ecfde6463dd9bf,1
0x05a4ea1391e83304e10e764d2256c8974e922865,1
0xef8aa2fadadf881ad73be89c4337cde6ebbf3a74,1
0x1e225fd932f6ccd977821fe0c0e5a5911291f8da,1
0x41e49b44fcf27150d501c83fc408b560089b86ce,1
0x3f181a8c0a634b7eebf995d4f611622b9d520752,1
0x0aa70d00412f379643b262ac36350b4ab50a9cce,1
0x6fc661edc998c696192a562d711b2542aa2e6938,1
0x742e0dd3b40a753179ebc851009cb3dbb8b68d24,1
0x97bc477ffbd73696eceadf9b7b008fa85dea6539,1
0x552ca553a7f90cb2d300a2ace62adc4742a67bca,1
0xa8f22a91b062fff5729009459ceede539073bea4,1
0x38b95052f5cd474487bfc31ab9e01fef965f7445,1
0x4ad4210522c4daec1638671591e56a8047e3c99a,1
0x388ace77147c004a2f2e07b3d9c15e834c210b3a,1
0x85df8da60bc0dc7b26b34ea414e387be8621d0f5,1
0xddeaaabf7e5efd64ea92817f22f3c3624920c20b,1
0x590a2fbb3ab37fb4ff61038454b2ed4187ab25c2,1
0x301ef7b63b2f17bbae9bc4f0014febed6ff3fa6f,1
0x0dfebb45cfff7cc942fec51248de060b501ddcc5,1
0x9506fb1ee5f8421548dff477be6dbd2ceda1f229,1
0x0a63d744e5d51259a8f53618a0c52f4aaf8a70cf,1
0x02e37c5f0baa35cbe84456725b68715877a779ef,1
0x83a1283b563e23e3a79da2ee55482256e4ed14b5,1
0x16d1f47a7baa4cdc64a09a2879174ca4ea74cb6e,1
0xf15871ff74edc334f4e916b433ecfa8bf98d3080,1
0x04e8d95e3380ec63cc25c4f5f35e21fd9415eb79,1
0xef0fad3fac3c00f8b10936da782df27f3169cd56,1
0xd9bd5cb0b1c4419bc5b939f8db9ba5e5d403cf87,1
0x89c4290b66d81f635f3b25f9150b68baa54945fa,1
0xed37a0ca44ae65470856d1bbd73663d773403395,1
0x72eb6c03257a8f031491ccb8aaa656c8ca13bf02,1
0x91994870d98ed274d7f2018b5e831322a26c36af,1
0xaf441757243b403e97d2c9768a15e7603257bc0f,1
0xcf3b2db5e993851c5e28f95fa04510117a433221,1
0x004df5de266316d7aa68a639ad73d795a631e2e6,1
0xd316cfae466fb84fd75fd7d7197a1889a369a411,1
0x3e722bd97134e1a85cedc9dbe69676c79ac73254,1
0x0c9aad0d492cea0ed2813de42a6ec90a14f3e8b8,1
0xd2a56db203a6942bcb312735822e34e4708b96d1,1
0xc410dda4b8d98dd0b9c5ea05de4f80a262078f81,1
0xff9f79f8a7e17bd5850ae993008f9d0e63580bb2,1
0x0a21dfca363a3ff8e7f1c1bda2007f81a0aa6b53,1
0x28ebad2ed1d436a52d341b7347814c83829b805d,1
0x028a0542b875250f475cf3e4ceca444a6460f76c,1
0x97528ecc9f642178f5d6ecdbf16b87e3e22e87a1,1
0xced902a4920d223209590a8dba472737833c3ba6,1
0x7eeb169716f6cda9e57a242e30ebaf674782a09a,1
0x5fadd6d14802dfab0d0784780f5d7857b65bc24c,1
0xb670a96feed4f177d8f32c12c10fdb44a29f4e14,1
0x956c8fd7db759442ec0e50e8e92165e97e43d30f,1
0x576d305eddc324789322286f87452fa426846506,1
0x3c1fbe83ef0f5b04be5fc54edac2bec2c25dc07c,1
0x3657a77e90168c24a399c0cace0deadb30ca830f,1
0xccb44d94bc9bbbcbfe37ddd5111897299fab8b32,1
0xa0d306cb46bbbdb7bbeb469278b75af372f1a8d1,1
0xa8004a64d32f3c84b5af90bcc6f4ecdf807ff79b,1
0x50e4d2c8d990a25af496188cf6b1048d4835e37f,1
0x6665db481f09afb74db7c4ebf530cd50d3545f5b,1
0xb1e84d70c271b31b6f2f437dc7897b734624bd80,1
0x8ebc905c783f5e84797ee6884358f0c98e0c1c2a,1
0xf505e6dfeb485553cf85cc3346552c8210a34ca3,1
0x029e91d916464136c3e706016e35843c25d59618,1
0x4e65ac73276ed2de285d6322f64fc0a780615ac0,1
0xaf7d54577a19346a6d26f6fe72a0e9824509cae4,1
0x922ff71179a98069ccec71ebb1f0b526dd039ebf,1
0x4cdfa63d8774b56f77de26410fb8f47131dd7100,1
0xbe21d1138512ef6c9116fe6da0824bb9ca6cdf2e,1
0xb683e674e8bfbdda5958eaa74e1e2a2f153f6dba,1
0x493b05063afe77bff17eae524c087b2d82c8261a,1
0x554e111c8678237fa29780c913b0b44030ff9097,1
0xd8a5ea4a29af9a383691f599c57d5be610e720be,1
0x3f8476641e16ef10c96403fb9f5aa7c8769d2a4a,1
0xb5e9d38fdc7c8ac4ef2734124b44809347342aa6,1
0x7c753593dd9266fb9e680929b3850ab5d8918449,1
0x392ab1cc397bb12c2ce7bd2b4149066ed51cfc34,1
0xcb7ca36dec193e77f01ed2d3946d48c5193ab7e0,1
0x419393b046e803763febbc92fe1c30dbee74a915,1
